VIN,MODEL_YEAR,MODEL_DESCRIPTION,MODEL_CODE,SERIES_CODE,EXTCOLOR_CODE,INTCOLOR_CODE,ACCY_LIST
JTNB11HK6J3019553,2018,2546 - SE,2546,050,0221,EA20,FEET,FP5000,MC1000,UF60
5TFCZ5AN2HX104986,2017,7598 - 4x4 TRD Pro Double Cab V6 (6 Spd Auto),7598,110,0040,LB25,BU1000,CY2000,FEAT,FP5000,TL1000,TRAT,UF60,XY9000
5TFAZ5CN4HX046528,2017,7146 - 4x2 SR5 Double Cab V6 (6 Spd Auto),7146,100,01D6,FC14,FEAT,FP5000,MR1000,TOAT,UF60,XY9000
JTDKARFU4H3541728,2017,1228 -Four Touring (CVT),1228,250,03T7,EA11,BHAT,BIAT,FEAT,FP5000,MC1000,PCAT,PMAT,UF60
4T1B11HK0JU502210,2018,2540 - XLE,2540,050,04X7,LA10,FEET,FP5000,MC1000,UF60,XY9000
2T3NFREV8HW394755,2017,4470 - FWD SE,4470,190,0040,EB20,FEAT,FP5000,UF60,VPGT,XY9000
5TFCZ5AN6HX104960,2017,7542 - 4x4 TRD Sport Double Cab V6 (6 Spd Auto),7542,110,0040,FD15,EEAT,FEAT,FP5000,MR1000,PYAT,TOAT,UF60,XY9000
5YFBURHEXHP733563,2017,1852 - LE (CVT),1852,020,0070,FB01,CY2000,FEAT,FP5000,PCAT,UF60,XY9000
2T3WFREVXHW394793,2017,4440 - FWD XLE,4440,190,01G3,FC20,FEAT,FP5000,MC2000,UF60,VPGT,XY9000
2T3WFREV5HW394961,2017,4440 - FWD XLE,4440,190,01G3,FC10,CY2000,FEAT,FP5000,MG1000,UF60,VPGT,XY9000
JTNB11HK0J3017930,2018,2546 - SE,2546,050,01J9,EA20,FEET,FP5000,MC1000,UF60
JTNB11HK7J3017908,2018,2546 - SE,2546,050,01J9,EA20,FEET,FP5000,MC1000,UF60
JTEZU5JR5H5161007,2017,8646 - 4x2 SR5 Premium V6,8646,130,0218,LB42,FEAT,FP5000,MRAT,MR1000,PF1000,QDAT,UF60,XF1100,XY9000
JTMYFREV4HJ720269,2017,4450 - FWD Limited,4450,190,08X7,EA20,ATAT,CS2000,FEAT,FP5000,MC2000,SCGT,UF60,XT9000
5YFBURHE4HP733140,2017,1864 - SE (CVT),1864,020,01F7,FC20,FEAT,FP5000,MC1000,SOAT,UF60,XY9000
JTMYFREVXHJ720583,2017,4450 - FWD Limited,4450,190,01G3,EA10,FEAT,FP5000,MC2000,UF60,XY9000
JTMJFREV9HJ169841,2017,4472 - AWD SE,4472,190,03R3,EB20,ATAT,CV1000,FEAT,FP5000,UF60,VPGT,XY9000
5YFBURHE1HP733712,2017,1864 - SE (CVT),1864,020,08W7,FC40,FEAT,FP5000,MC1000,UF60,XY9000
5TDZZRFH3HS225133,2017,6946 - 4 Door FWD LE V6 SUV (8 Spd Automatic),6946,270,0070,FB20,FEAT,FP5000,MC2000,PCAT,UF60,XY9000
2T3RFREV0HW677362,2017,4442 - AWD XLE,4442,190,0202,FC20,CS2000,FEAT,FP5000,MC2000,SCGT,UF60,VQGT,XT9000
3MYDLBYV1HY193704,2017,6262 - Yaris iA (6 Spd Auto),6262,450,041G,AZ70,FEAT,FP5000,UF60
3MYDLBYV0HY194018,2017,6262 - Yaris iA (6 Spd Auto),6262,450,042A,AZ70,CY2000,FEAT,FP5000,UF60
JTEBU5JR1H5469681,2017, 8670 - 4x4 Off-Road V6,8670,130,08S6,FC22,CV1000,EEAT,FEAT,FP5000,QBAT,UF60,XY9000
2T3YFREV8HW393778,2017,4474 - FWD Platinum,4474,190,01G3,EA20,CY2000,FP5000,UF60,XY9000
4T1B11HKXJU501467,2018,2540 - XLE,2540,050,01H1,LA10,FEET,FP5000,MC1000,UF60,XY9000
NMTKHMBX8JR024787,2018,2404 - C-HR XLE (CVTi-S),2404,490,02NE,FC20,CY2000,FEAT,FP4000,PCAT,PF1000,TXAT,UF60
2T1BURHE5HC953158,2017,1852 - LE (CVT),1852,020,03R3,FB01,FEAT,FP5000,MC1000,UF60,XY9000
JTMJFREV6HD219240,2017,4472 - AWD SE,4472,190,0040,EB20,CS2000,CV1000,ENAT,FEAT,FP5000,UF60,VPGT,XT9000
5TDZZRFH3HS224578,2017,6947 - 4 Door FWD LE PLUS V6 SUV (8 Spd Automatic),6947,270,03T0,FA00,BP1000,CY2000,FEAT,FP5000,MC2000,UF60,XT9000
3MYDLBYV0HY193693,2017,6262 - Yaris iA (6 Spd Auto),6262,450,045P,AZ70,FEAT,FP5000,UF60
3MYDLBYV9HY193563,2017,6262 - Yaris iA (6 Spd Auto),6262,450,045P,AZ70,FEAT,FP5000,UF60
3MYDLBYV8HY194333,2017,6262 - Yaris iA (6 Spd Auto),6262,450,0A4D,AZ70,CY2000,FEAT,FP5000,PT1000,UF60,XT9000
JTMJFREV1HD219064,2017,4472 - AWD SE,4472,190,0040,EB30,ATAT,FEAT,FP5000,UF60,VPGT,XY9000
5YFBURHE9HP731383,2017,1852 - LE (CVT),1852,020,01F7,FB11,FEAT,FP5000,MC1000,UF60,XY9000
JTNKARJE4HJ550789,2017,6272 - iM (CVT),6272,460,01F7,FA21,FEAT,FP5000,MC2000,UF60
5TFDW5F11HX673508,2017,8363 - 4x4 SR5 CrewMax 5.7L V8 FFV,8363,230,01G3,FC13,BS1000,BU1000,CP1000,CY2000,DSAT,FP5000,REAT,SPAT,UF60,XF2100,XY9000
5TFDW5F13HX673106,2017,8363 - 4x4 SR5 CrewMax 5.7L V8 FFV,8363,230,01G3,FC13,BS1000,CY2000,DSAT,FP5000,MR1000,REAT,SPAT,UF60,XX1130,XY9000
JTMJFREV9HJ167989,2017,4472 - AWD SE,4472,190,01G3,EB30,CS2000,CV1000,FEAT,FP5000,UF60,VPGT,XT9000
NMTKHMBX9JR023020,2018,2404 - C-HR XLE (CVTi-S),2404,490,01G3,FC20,FEAT,FP5000,MC1000,UF60
2T1BURHE0HC952449,2017,1852 - LE (CVT),1852,020,03R3,FB01,FEAT,FP5000,MC1000,UF60,XY9000
3MYDLBYV2HY193100,2017,6262 - Yaris iA (6 Spd Auto),6262,450,041W,AZ70,FEAT,FP5000,UF60
JTEBU5JR2H5468958,2017,8672 - 4x4 Off-Road Premium V6,8672,130,01G3,LC22,CV1000,CY2000,FEAT,FP5000,KDAT,LD4000,MRAT,PF1000,QDAT,UF60,XY9000
5TFAZ5CN3HX045922,2017,7148 - 4x2 TRD Sport Double Cab V6 (6 Spd Auto),7148,100,0040,FD24,EEAT,FEAT,FP5000,HHAT,MR1000,PYAT,TOAT,UF60,XY9000
5TFDW5F10HX673094,2017,8363 - 4x4 SR5 CrewMax 5.7L V8 FFV,8363,230,01D6,FC13,BS1000,BU1000,CY2000,DSAT,FP5000,MR1000,REAT,SPAT,TL1000,UF60,XY9000
5TFDW5F10HX672284,2017,8363 - 4x4 SR5 CrewMax 5.7L V8 FFV,8363,230,01G3,FC13,BS1000,BU1000,CY2000,DSAT,FP5000,MR1000,REAT,SPAT,UF60,XY9000
3TMEZ5CN1HM046722,2017,7182 - 4x2 Limited Double Cab V6 (6 Spd Auto),7182,100,0202,LA42,FEAT,FP5000,MR1000,TOAT,UF60,XY9000
5TFAZ5CNXHX046405,2017,7148 - 4x2 TRD Sport Double Cab V6 (6 Spd Auto),7148,100,0202,FD15,EEAT,FEAT,FP5000,MR1000,PYAT,TOAT,UF60,XY9000
3MYDLBYVXHY192650,2017,6262 - Yaris iA (6 Spd Auto),6262,450,045P,AZ70,CY2000,FEAT,FP5000,PT1000,UF60,XT9000
3MYDLBYV6HY192774,2017,6262 - Yaris iA (6 Spd Auto),6262,450,045P,AZ70,FEAT,FP5000,UF60
JTEBU5JR7H5467529,2017,8664 - 4x4 SR5 V6,8664,130,01G3,FB22,CDAT,EEAT,FEAT,FP5000,MR1000,QBAT,UF60,XF1100,XY9000
3MYDLBYV1HY192536,2017,6262 - Yaris iA (6 Spd Auto),6262,450,042M,AZ70,CY2000,FEAT,FP5000,UF60,XT9000
5TFAZ5CNXHX045724,2017,7146 - 4x2 SR5 Double Cab V6 (6 Spd Auto),7146,100,0040,FC22,CY2000,DNAT,FEAT,FP5000,MG1000,MR1000,PF1000,TOAT,UF60,XY9000
JTEBU5JR8H5463201,2017,8664 - 4x4 SR5 V6,8664,130,0040,FB22,CDAT,EEAT,FEAT,FP5000,IB1000,MR1000,PF1000,QBAT,TK1000,UF60,XF1100,XY9000
5TFCZ5AN7HX102666,2017,7598 - 4x4 TRD Pro Double Cab V6 (6 Spd Auto),7598,110,01H5,LB25,CY2000,FEAT,FP5000,PF1000,TRAT,UF60,XY9000
5TDYY5G18HS069079,2017,7931 - 2WD Platinum 5.7L V8 ,7931,260,0202,LH21,FEAT,FP5000,MC1000,PF4000,UF60,XY9000
5TFFW5F18HX228417,2017,8274 - 4x2 Limited CrewMax 5.7L V8 FFV,8274,220,0218,LB13,BS1000,FP5000,LXAT,REAT,SRAT,UF60,XY9000
JTMZFREV5HJ144986,2017,4430 - FWD LE,4430,190,03R3,FB20,EDAT,FEAT,FP5000,MC2000,RRGT,UF60,XY9000
5TFDW5F17HX672444,2017,8363 - 4x4 SR5 CrewMax 5.7L V8 FFV,8363,230,0202,FC44,BU1000,CY2000,DSAT,FP5000,MR1000,REAT,SPAT,UF60,XX2030,XY9000
4T1BF1FK4HU450675,2017,2546 - SE,2546,050,0070,FF20,CY2000,EDAT,FEAT,FP5000,MC1000,PCAT,PF1000,UF60,XX2000,XY9000
JTDKARFU6H3047807,2017,1228 -Four Touring (CVT),1228,250,0070,EA21,BHAT,BIAT,FEAT,FP5000,MC1000,PCAT,PMAT,UF60,XY9000
5TFDW5F13HX671761,2017,8363 - 4x4 SR5 CrewMax 5.7L V8 FFV,8363,230,01D6,FC13,BS1000,BU1000,CY2000,DSAT,FP5000,MR1000,REAT,SPAT,UF60,XY9000
2T3WFREV7HW392130,2017,4440 - FWD XLE,4440,190,01D6,FC10,FEAT,FP5000,MC2000,UF60,VPGT,XY9000
JTNB11HK6J3009492,2018,2532 - LE,2532,050,04X7,FA10,FEET,FP5000,MC1000,UF60
2T3ZFREV1HW390595,2017,4430 - FWD LE,4430,190,01D6,FB20,FEAT,FP5000,MC2000,RRGT,UF60,XY9000
JTEBU5JR0H5465203,2017,8672 - 4x4 Off-Road Premium V6,8672,130,01F7,LC22,CV1000,FEAT,FP5000,KDAT,MRAT,QDAT,UF60,XF1100,XY9000
JTEBU5JR3H5464658,2017,8664 - 4x4 SR5 V6,8664,130,0218,FB22,EEAT,FEAT,FP5000,IB1000,MR1000,PF1000,QBAT,THAT,UF60,XF1100,XY9000
JTMJFREV3HJ166207,2017,4472 - AWD SE,4472,190,03R3,EB20,CS2000,ENAT,FEAT,FP5000,UF60,VPGT,XY9000
3MYDLBYV2HY192139,2017,6262 - Yaris iA (6 Spd Auto),6262,450,042A,AZ70,FEAT,FP5000,UF60
2T3JFREV6HW674415,2017,4472 - AWD SE,4472,190,09AH,EB20,ATAT,FEAT,FP5000,UF60,VPGT,XY9000
JTNB11HK9J3007221,2018,2546 - SE,2546,050,0040,EA20,FECT,FP5000,MC1000,UF60,XY9000
5TDZARFHXHS030668,2017,6942 - FWD LE,6942,270,0070,FB10,CY2000,FEAT,FP5000,MC2000,PCAT,PF1000,UF60,XY9000
JTEZU5JR9H5161608,2017,8648 - 4x2 Limited V6,8648,130,01F7,LA22,FEAT,FP5000,LTAT,MR1000,QCAT,TSAT,UF60,XF1100,XY9000
5YFBURHE4HP728584,2017,1852 - LE (CVT),1852,020,01G2,FB21,FEAT,FP5000,MC1000,UF60,XY9000
JTMZFREV8HJ144402,2017,4430 - FWD LE,4430,190,0221,FB20,EDAT,FEAT,FP5000,MC2000,RRGT,UF60,XY9000
JTMZFREV9HJ719204,2017,4430 - FWD LE,4430,190,08X7,FB20,FEAT,FP5000,MC2000,RRGT,UF60,XY9000
5TFDW5F1XHX669411,2017,8363 - 4x4 SR5 CrewMax 5.7L V8 FFV,8363,230,0040,FC13,BS1000,DSAT,EX3000,FP5000,MR1000,REAT,SPAT,UF60,XY9000
5TFAX5GN4HX095406,2017,7185 - 4x2 SR5 Double Cab (6 Spd Auto),7185,100,01D6,FC22,CY2000,FEAT,FP5000,PF1000,SLAT,UF60,XY9000
5TFAZ5CN9HX045276,2017,7148 - 4x2 TRD Sport Double Cab V6 (6 Spd Auto),7148,100,01D6,FD15,CY2000,EEAT,FEAT,FP5000,HHAT,MR1000,PF1000,PYAT,TOAT,UF60,XY9000
5TFGZ5AN2HX102544,2017,7582 - 4x4 Limited Double Cab V6 (6 Spd Auto),7582,110,01D6,LA42,FEAT,FP5000,MR1000,TOAT,UF60,XY9000
3MYDLBYV1HY190432,2017,6262 - Yaris iA (6 Spd Auto),6262,450,042A,AZ70,FEAT,FP5000,UF60
3MYDLBYV3HY190447,2017,6262 - Yaris iA (6 Spd Auto),6262,450,042A,AZ70,FEAT,FP5000,UF60
JTEZU5JR8H5160711,2017,8648 - 4x2 Limited V6,8648,130,0070,LA22,FEAT,FP5000,KGAT,LTAT,MR1000,PCAT,PF1000,QCAT,TSAT,UF60,XF1100
5TFRX5GN3HX095464,2017,7162 - 4x2 SR Access Cab (6 Spd Auto),7162,100,0040,FA14,BZAT,FEAT,FP5000,MR1010,UF60
2T3WFREV2HW390009,2017,4440 - FWD XLE,4440,190,01D6,FC10,FEAT,FP5000,MC2000,SCGT,UF60,VQGT,XY9000
JTNB11HK3J3004928,2018,2546 - SE,2546,050,0218,EA20,BDCT,CPCT,FECT,FP5000,MC1000,UF60
JTNB11HK7J3001532,2018,2532 - LE,2532,050,0040,FA10,FECT,FP5000,MC1000,UF60
5TDKZRFH1HS519406,2017,6951 - 4 Door FWD XLE V6 SUV (8 Spd Automatic),6951,270,01J9,LB10,BSAT,FEAT,FP5000,MC2010,UF60,XY9000
JTNB11HK0J3001467,2018,2532 - LE,2532,050,0218,FA10,BDCT,CPCT,FECT,FP5000,MC1000,SRCT,UF60
JTNB11HK5J3005286,2018,2546 - SE,2546,050,0218,EA10,BDCT,CPCT,CY2000,FECT,FP5000,MC1000,PF1000,UF60,XY9000
2T3WFREV1HW389255,2017,4440 - FWD XLE,4440,190,0040,FC40,FEAT,FP5000,MC2000,UF60,VPGT,XY9000
5TFDW5F11HX667983,2017,8363 - 4x4 SR5 CrewMax 5.7L V8 FFV,8363,230,01G3,FB13,BS1000,DSAT,EEAT,FP5000,MC1000,OFAT,REAT,SC1000,SPAT,UF60,XY9000
4T1BF1FK8HU814483,2017,2546 - SE,2546,050,0040,FF15,CY2000,FEAT,FP4000,MC1000,PF1000,RX1000,UF60,XT9000
JTEZU5JR9H5160457,2017,8646 - 4x2 SR5 Premium V6,8646,130,0040,LB22,CY2000,FEAT,FP5000,MC1000,MRAT,QDAT,UF60,XF2100
3MYDLBYVXHY190980,2017,6262 - Yaris iA (6 Spd Auto),6262,450,041W,AZ70,FEAT,FP5000,UF60
3MYDLBYV5HY191454,2017,6262 - Yaris iA (6 Spd Auto),6262,450,041W,AZ70,FEAT,FP5000,UF60
3MYDLBYV8HY191349,2017,6262 - Yaris iA (6 Spd Auto),6262,450,045P,AZ70,FEAT,FP5000,UF60
2T3WFREV1HW388977,2017,4440 - FWD XLE,4440,190,09AH,FC40,FEAT,FP5000,MC2000,UF60,VPGT,XY9000
JTMZFREV9HJ718506,2017,4430 - FWD LE,4430,190,0040,FB20,FEAT,FP5000,MC2000,RRGT,UF60
JTMZFREV6HJ718334,2017,4430 - FWD LE,4430,190,0221,FB20,FEAT,FP5000,MC2000,RRGT,UF60,XY9000
JTMWFREV5HD105901,2017,4440 - FWD XLE,4440,190,08X7,FC10,FEAT,FP5000,MC2000,SCGT,UF60,VQGT,XY9000
JTMZFREV3HJ143173,2017,4430 - FWD LE,4430,190,03R3,FB20,FEAT,FP5000,MC2000,RRGT,UF60,XY9000
5TFFW5F14HX227507,2017,8274 - 4x2 Limited CrewMax 5.7L V8 FFV,8274,220,08T0,LB13,BS1000,CY2000,FP5000,LXAT,PF1000,PF4000,REAT,SRAT,UF60
2T1BURHE2HC926919,2017,1832 - L (4 Spd Auto),1832,020,0040,FA10,FEAT,FP5000,MC1000,UF60
JTMWFREV9HD106050,2017,4440 - FWD XLE,4440,190,0040,FC20,FEAT,FP5000,MC2000,UF60,VPGT,XY9000
JTMJFREV4HJ711508,2017,4472 - AWD SE,4472,190,0040,EB20,ENAT,FEAT,FP5000,UF60,VPGT,XY9000
JTMDJREV2HD135539,2017,4454 - AWD Limited,4454,470,01G3,EA10,FEAT,FP5000,MC2000,UF60,XF2100,XY9000
NMTKHMBX4JR019473,2018,2406 - C-HR XLE Premium (CVTi-S),2406,490,02NG,FC20,FEAT,FP5000,MC1000,TXAT,UF60,XY9000
JTMZFREV7HJ143192,2017,4430 - FWD LE,4430,190,08X7,FB20,FEAT,FP5000,MC2000,RRGT,UF60,XY9000
5YFBURHE9HP722022,2017,1852 - LE (CVT),1852,020,01G2,FB21,FEAT,FP5000,MC1000,UF60
2T3ZFREV2HW387270,2017,4430 - FWD LE,4430,190,01D6,FB20,FEAT,FP5000,MC2000,RRGT,UF60
5TFRZ5CN6HX044413,2017,7126 - 4x2 SR5 Access Cab V6 (6 Spd Auto),7126,100,03R3,FC14,ALAT,CY2000,EDAT,FEAT,FP4000,LD4000,MR1000,PF1000,SLAT,TOAT,UF60
5TDKY5G10HS068952,2017,7927 - 2WD Limited 5.7L V8,7927,260,01G3,LE13,BDAT,BUAT,ENAT,FEAT,FP4000,MC2010,PF4000,UF60,XY9000
5TDKZRFH4HS518069,2017,6951 - 4 Door FWD XLE V6 SUV (8 Spd Automatic),6951,270,0218,LB10,BSAT,CY2000,FEAT,FP4000,LL1000,MC2010,MG1000,PF4000,UF60,WL1000,XY9000
2T3ZFREV8HW386253,2017,4430 - FWD LE,4430,190,08X7,FB20,FEAT,FP5000,MC2000,RRGT,UF60,XY9000
2T3ZFREV4HW387139,2017,4430 - FWD LE,4430,190,09AH,FB20,FEAT,FP5000,MC2000,RRGT,UF60,XY9000
3MYDLBYV3HY190075,2017,6263 - Yaris iA (6 Spd Manual),6263,450,041W,AZ70,FEAT,FP5000,PT1000,UF60,XY9000
5TFDW5F18HX664322,2017,8363 - 4x4 SR5 CrewMax 5.7L V8 FFV,8363,230,01D6,FB13,BS1000,FP5000,MC1000,OFAT,REAT,SPAT,UF60,XX1140,XY9000
5YFBURHE9HP718889,2017,1852 - LE (CVT),1852,020,01F7,FB21,FEAT,FP5000,MC1000,UF60,XY9000
JTEZU5JR0H5159892,2017,8642 - 4x2 SR5 V6,8642,130,01F7,FB22,CY2000,EEAT,FEAT,FP5000,MR1000,PF1000,QBAT,THAT,UF60,XX1000,XY9000
5TFCW5F16HX022046,2017,8335 - 4x4 SR Double Cab 5.7L V8 FFV LB,8335,230,0202,FA13,BS1000,DSAT,FP5000,MR1000,REAT,UF60,XX1230,XY9000
5YFBURHE0HP719140,2017,1852 - LE (CVT),1852,020,03R3,FB01,FEAT,FP5000,MC1000,UF60,XY9000
5TFRM5F12HX120944,2017,8240 - 4x2 SR5 Double Cab 4.6L V8,8240,220,04V6,FC20,AAAT,BS1000,DSAT,EDAT,FEAT,FP5000,LL1000,MR1000,SPAT,UF60,XY9000
4T1BK1EB5JU266008,2018,3548 - Touring,3548,180,08W6,LT03,FEAT,FP4000,PF1000,UF60,XY9000
5TDKZRFH9HS518133,2017,6951 - 4 Door FWD XLE V6 SUV (8 Spd Automatic),6951,270,0070,LB00,CY2000,FEAT,FP4000,MC2000,PCAT,UF60,XF2100,XY9000
5TFRX5GNXHX094389,2017,7162 - 4x2 SR Access Cab (6 Spd Auto),7162,100,01D6,FA14,BZAT,FEAT,FP4000,MR1010,UF60,XY9000
NMTKHMBX2JR016782,2018,2404 - C-HR XLE (CVTi-S),2404,490,0209,FC20,CY2000,FEAT,FP5000,MC1000,UF60,XY9000
JTEZU5JR0H5159973,2017,8648 - 4x2 Limited V6,8648,130,0218,LA22,FEAT,FP5000,KGAT,LTAT,MR1000,PF1000,QCAT,TSAT,UF60,XY9000
5TFRX5GN8HX094178,2017,7122 - 4x2 SR5 Access Cab (6 Spd Auto),7122,100,01D6,FC14,FEAT,FP5000,MR1000,SLAT,UF60,XY9000
5YFBURHE5HP716511,2017,1852 - LE (CVT),1852,020,01F7,FB11,FEAT,FP5000,LOAT,MC1000,UF60,XY9000
JTDKARFU9H3045694,2017,1228 -Four Touring (CVT),1228,250,0070,EA11,BHAT,BIAT,FEAT,FP5000,MC1000,PCAT,PMAT,UF60,XY9000
5YFBURHE4HP716614,2017,1832 - L (4 Spd Auto),1832,020,01F9,FA10,FEAT,FP5000,MC1000,UF60,XY9000
5TFGZ5ANXHX099487,2017,7582 - 4x4 Limited Double Cab V6 (6 Spd Auto),7582,110,0202,LA42,CS2000,FEAT,FP5000,MR1000,TOAT,UF60,XY9000
5TFDW5F10HX660992,2017,8363 - 4x4 SR5 CrewMax 5.7L V8 FFV,8363,230,0202,FC20,DSAT,FP5000,MR1000,REAT,SPAT,UF60,XX2030,XY9000
5TDYY5G1XHS068841,2017,7931 - 2WD Platinum 5.7L V8 ,7931,260,0202,LH21,FEAT,FP5000,MC1000,PF1000,PF4000,UF60,XY9000
JTMRJREV7HD129550,2017,4444 - AWD XLE,4444,470,01D6,FC10,CY2000,FEAT,FP5000,MC2000,PBAT,UF60
JTMJFREV3HJ160259,2017,4472 - AWD SE,4472,190,03R3,EB20,ENAT,FEAT,FP5000,UF60,VPGT,XY9000
5TFEW5F1XHX226440,2017,8263 - 4x2 SR5 CrewMax 5.7L V8 FFV,8263,220,0202,FB20,BS1000,DSAT,EEAT,FP5000,LD3000,MR1000,OFAT,REAT,SPAT,UF60,XY9000
5TFTW5F16HX009720,2017,8235 - 4x2 SR Double Cab 5.7L V8 FFV LB,8235,220,03R3,FA13,BS1000,DSAT,FP5000,MR1000,REAT,UF60,XF2100,XY9000
5YFBURHE8HP709505,2017,1852 - LE (CVT),1852,020,0070,FB11,FEAT,FP5000,MC1000,PCAT,UF60,XY9000
4T1BF1FK3HU798841,2017,2548 - XSE,2548,050,0218,LC15,FEAT,FP5000,MC1000,UF60,XY9000
4T1BK1EB8HU264649,2017,3548 - Touring,3548,180,03R0,LT17,CY2000,FEAT,FP5000,MC2000,MG1000,PF1000,UF60,XY9000
3MYDLBYV5HY188151,2017,6263 - Yaris iA (6 Spd Manual),6263,450,045P,AZ70,FEAT,FP5000,PT1000,UF60
JTMDJREV7HD125959,2017,4454 - AWD Limited,4454,470,0209,EA20,CY2000,FEAT,FP5000,MC2000,MG1000,UF60,XY9000
5TFRW5F15HX225956,2017,8231 - 4x2 SR5 Double Cab 5.7L V8 FFV,8231,220,01G3,FC20,BS1000,DSAT,EDAT,FP5000,LD3000,MR1000,REAT,SPAT,UF60,XY9000
5TFRM5F19HX120097,2017,8239 - 4x2 SR Double Cab 4.6L V8,8239,220,0202,LC13,BS1000,BZAT,FEAT,FP5000,LD3000,MR1000,UF60,XY9000
4T1BF1FK4HU445444,2017,2546 - SE,2546,050,05B2,FF20,CPAT,EEAT,FEAT,FP5000,MC1000,SRAT,UF60,WXAT,XY9000
4T1BK1FK6HU584759,2017,2554 - XLE V6,2554,050,0040,LA00,ATAT,AYAT,BDAT,ENAT,FEAT,FP5000,UF60
5TFGW5F10HX225953,2017,8278 - 4x2 1794 Edition CrewMax 5.7L V8 FFV,8278,220,0218,LD21,AHAT,BS1000,FP5000,REAT,RS1000,TL1000,UF60,XY9000
JTEBU5JR7H5450617,2017,8668 - 4x4 Limited V6,8668,130,03R3,LA42,CDAT,CP1000,CY2000,FEAT,FP4000,MC1000,QCAT,UF60
JTEZU5JR1H5158461,2017,8646 - 4x2 SR5 Premium V6,8646,130,03R3,LB22,CY2000,FEAT,FP5000,LD4000,MR1000,PF1000,QDAT,RB1300,UF60
5TDZY5G16HS068761,2017,7917 - 2WD SR5 5.7L V8 ,7917,260,04T3,LG13,CY2000,ECAT,EEAT,FEAT,FP5000,MC2000,PF1000,PMAT,UF60,XY9000
5TFDZ5BN4HX023622,2017,7570 - 4x4 SR5 Double Cab V6 LB (6 Spd Auto),7570,110,04V6,FC22,FEAT,FP5000,MR1000,TOAT,UF60,XY9000
5TFSZ5AN2HX096397,2017,7562 - 4x4 TRD Off-Road Access Cab V6 (6 Spd Auto),7562,110,0040,FD15,FEAT,FP5000,MR1000,OCAT,TOAT,UF60,XY9000
4T1BF1FK5HU443900,2017,2546 - SE,2546,050,01J9,FF20,FEAT,FP5000,MC1000,UF60,XY9000
4T1BF1FK1HU441495,2017,2546 - SE,2546,050,0218,FF15,FEAT,FP5000,MC1000,UF60,XY9000
4T1BF1FK2HU442736,2017,2546 - SE,2546,050,0218,FF20,EDAT,FEAT,FP5000,MC1000,UF60,XY9000
4T1BF1FK0HU442265,2017,2546 - SE,2546,050,05B2,FF20,CPAT,EEAT,FEAT,FP5000,MC1000,SRAT,UF60,WXAT,XY9000
5TFAZ5CN3HX041515,2017,7150 - 4x2 TRD Off-Road Double Cab V6 (6 Spd Auto),7150,100,01G3,FD15,EEAT,FEAT,FP5000,HHAT,MR1000,OCAT,TOAT,UF60,XY9000
4T1BF1FK9HU434701,2017,2546 - SE,2546,050,0070,FF20,FEAT,FP5000,MC1000,PCAT,UF60,XY9000
5TFUW5F10HX653024,2017,8331 - 4x4 SR5 Double Cab 5.7L V8 FFV ,8331,230,0040,FC13,BS1000,CY2000,DSAT,EDAT,FP4000,MR1000,REAT,SPAT,TL1000,UF60,XF2100
JTEBU5JR4H5446797,2017,8666 - 4x4 SR5 Premium V6,8666,130,01F7,LB22,FEAT,FP5000,MRAT,MR1000,QDAT,UF60,XY9000
JTEBU5JR0H5448417,2017,8668 - 4x4 Limited V6,8668,130,01F7,LA22,FEAT,FP5000,MR1000,QCAT,TSAT,UF60,XY9000
4T1BK1FK7HU032378,2017,2554 - XLE V6,2554,050,01H1,LA10,CY2000,FEAT,FP5000,MC1000,UF60,XT9000
JTMZFREV4HJ137091,2017,4430 - FWD LE,4430,190,03R3,FB20,FEAT,FP5000,MC2000,RRET,UF60,XY9000
4T1BF1FK4HU788402,2017,2546 - SE,2546,050,0218,FF15,FEAT,FP5000,MC1000,UF60,XY9000
2T1BURHE2HC882579,2017,1852 - LE (CVT),1852,020,01F7,FB11,CY2000,FEAT,FP5000,LLAT,UF60,XF2000,XY9000
NMTKHMBX3JR009596,2018,2406 - C-HR XLE Premium (CVTi-S),2406,490,01G3,FC20,CY2000,FEAT,FP5000,MC1000,UF60,XF2100,XY9000
2T1BURHEXHC879543,2017,1864 - SE (CVT),1864,020,03R3,FC20,FEAT,FP5000,MC1000,PF1000,UF60,XY9000
5TFUW5F10HX649457,2017,8331 - 4x4 SR5 Double Cab 5.7L V8 FFV ,8331,230,0040,FB13,BS1000,DSAT,EDAT,FP5000,OFAT,PF1000,PF4000,REAT,SPAT,UF60,XX1340,XY9000
4T1BK1FK0HU032285,2017,2550 - XSE V6,2550,050,01H1,LF20,CY2000,FEAT,FP5000,PF1000,UF60,XY9000
5YFBURHE9HP679480,2017,1864 - SE (CVT),1864,020,03R3,FC20,FEAT,FP5000,MC1000,UF60,XY9000
4T1BF1FK6HU415023,2017,2532 - LE,2532,050,0218,FC00,FEAT,FP5000,MC1000,UF60,XY9000
2T3YFREV5HW370586,2017,4474 - FWD Platinum,4474,190,0070,EA20,CY2000,FP5000,PCAT,UF60
5TFAZ5CN8HX040716,2017,7148 - 4x2 TRD Sport Double Cab V6 (6 Spd Auto),7148,100,0202,FD15,EEAT,FEAT,FP5000,MC1020,PYAT,TOAT,UF60,XY9000
5TFEW5F17HX224922,2017,8263 - 4x2 SR5 CrewMax 5.7L V8 FFV,8263,220,04V6,FC20,BS1000,DSAT,FP5000,MC1000,REAT,SPAT,UF60
4T1BD1EB5HU058988,2017,3508 - XLE Premium ,3508,430,03T0,LE03,FEAT,FP5000,MC1000,PF1000,PMAT,UF60,XF1100,XY9000
5TFDW5F16HX649186,2017,8363 - 4x4 SR5 CrewMax 5.7L V8 FFV,8363,230,01D6,FC20,AAAT,DSAT,FP5000,MC1000,PF1000,REAT,SPAT,UF60,XX2050,XY9000
2T1BURHE1HC905768,2017,1832 - L (4 Spd Auto),1832,020,01F7,FA10,FEAT,FP5000,UF60
2T1BURHE3HC902242,2017,1852 - LE (CVT),1852,020,0209,FB11,FEAT,FP5000,MC1000,UF60,XY9000
JTMRFREV7HJ705639,2017,4442 - AWD XLE,4442,190,08X7,FC10,CP1000,CY2000,FEAT,FP5000,PBAT,UF60,XF2100,XY9000,ZC10
4T1BF1FK1HU778412,2017,2532 - LE,2532,050,0040,FC10,CY2000,FEAT,FP5000,MC1000,PF1000,UF60,XY9000
5YFBURHE9HP689216,2017,1864 - SE (CVT),1864,020,03R3,FC20,FEAT,FP5000,MC1000,UF60,XY9000
3MYDLBYVXHY183625,2017,6263 - Yaris iA (6 Spd Manual),6263,450,042A,AZ70,FEAT,FP5000,PT1000,UF60
5YFBURHE8HP675839,2017,1852 - LE (CVT),1852,020,0070,FB01,FEAT,FP5000,MC1000,PCAT,UF60,XY9000
2T1BURHE4HC898718,2017,1864 - SE (CVT),1864,020,01F9,FC20,FEAT,FP5000,MC1000,UF60,XY9000
JTMRFREV6HD213327,2017,4442 - AWD XLE,4442,190,01G3,FC20,FEAT,FP5000,MC2000,PBAT,UF60,XY9000,ZC10
5YFBURHE6HP675404,2017,1863 - SE (6 Spd Manual),1863,020,03R3,FC20,CY2000,FEAT,FP5000,MC1000,PF1000,UF60,XY9000
JTMWFREV3HJ135187,2017,4440 - FWD XLE,4440,190,03R3,FC20,FEAT,FP5000,MC2000,PBAT,UF60,XY9000,ZC10
5YFBURHE7HP676447,2017,1852 - LE (CVT),1852,020,0070,FB21,FEAT,FP5000,MC1000,PCAT,UF60,XY9000
5TFSZ5AN5HX089377,2017,7558 - 4x4 SR5 Access Cab V6 (6 Spd Auto),7558,110,01D6,FC22,AAAT,FEAT,FP5000,MR1000,TOAT,UF60,XY9000
JF1ZNAA11H8706239,2017,6252 - 86 (6 Spd Auto),6252,340,0K3X,AM20,FEAT,FP5000,MT1000,UF60
2T1BURHE5HC891728,2017,1864 - SE (CVT),1864,020,0040,FC20,FEAT,FP5000,MC1000,UF60,XX2000,XY9000
5YFBURHE3HP682312,2017,1852 - LE (CVT),1852,020,01F9,FB01,FEAT,FP5000,MC1000,UF60,XY9000
5YFBURHE9HP680628,2017,1852 - LE (CVT),1852,020,01F9,FB11,FEAT,FP5000,MC1000,UF60,XY9000
5YFBURHE7HP680501,2017,1864 - SE (CVT),1864,020,01G2,FC20,FEAT,FP5000,MC1000,UF60,XY9000
JTMDJREV7HD112614,2017,4454 - AWD Limited,4454,470,0070,EA40,FEAT,FP5000,MC2000,PCAT,PF3000,UF60,XF2000,XY9000
5YFBURHE1HP679151,2017,1852 - LE (CVT),1852,020,01F9,FB01,FEAT,FP5000,MC1000,UF60,XY9000
5YFBURHE5HP680061,2017,1864 - SE (CVT),1864,020,0209,FC20,FEAT,FP5000,MC1000,UF60,XY9000
4T1BF1FK3HU419658,2017,2532 - LE,2532,050,01H1,FC10,FEAT,FP5000,MC1000,UF60,XY9000
JTDKARFU0H3041372,2017,1227 - Four (CVT),1227,250,0218,EA10,FEAT,FP5000,MC1000,PKAT,UF60,XY9000
4T1BF1FK3HU418462,2017,2532 - LE,2532,050,01H1,FC10,FEAT,FP5000,MC1000,UF60,XY9000
2T3RFREV0HW629800,2017,4442 - AWD XLE,4442,190,09AH,FC20,FEAT,FP5000,MC2000,PBAT,UF60,XY9000,ZC10
4T1BF1FK9HU762295,2017,2532 - LE,2532,050,0218,FC10,FEAT,FP4000,MC1000,UF60
2T1BURHE3HC877925,2017,1864 - SE (CVT),1864,020,03R3,FC20,FEAT,FP5000,MC1000,UF60,XY9000
2T3RFREV2HW624355,2017,4442 - AWD XLE,4442,190,08X7,FC10,FEAT,FP5000,MC2000,PBAT,UF60,XY9000,ZC10
5TFAW5F13HX633739,2017,8377 - 4x4 Platinum CrewMax 5.7L V8 FFV,8377,230,0218,LE20,BF3000,BU1000,FP5000,LL1000,RB1100,REAT,UF60,XY9000
4T1BF1FK5HU409861,2017,2546 - SE,2546,050,0070,FF15,FEAT,FP5000,MC1000,PCAT,UF60,XY9000
4T1BF1FK2HU397636,2017,2532 - LE,2532,050,01H2,FC00,AWAT,FEAT,FP5000,MC1000,UF60,XY9000
5TDDW5G18HS151656,2017,7944 - 4WD Platinum 5.7L V8 FFV,7944,260,0202,LH13,FP5000,MC1000,PF1000,PF2000,REAT,UF60,XY9000
5YFBURHE0HP665788,2017,1864 - SE (CVT),1864,020,0070,FC20,FEAT,FP5000,MC1000,PCAT,UF60,XY9000
4T1BF1FK4HU407888,2017,2532 - LE,2532,050,0218,FC00,FEAT,FP5000,MC1000,UF60,XY9000
2T1BURHE5HC867963,2017,1852 - LE (CVT),1852,020,0209,FB11,FEAT,FP5000,MC1000,UF60,XY9000
JTMYFREVXHJ710488,2017,4450 - FWD Limited,4450,190,08X7,EA10,FEAT,FP5000,MC2000,UF60,XY9000,ZE10
4T1BF1FK5HU402702,2017,2532 - LE,2532,050,01J9,FC10,EDAT,FEAT,FP5000,MC1000,SRAT,UF60,WBBB10,XY9000
2T3DFREV9HW615209,2017,4476 - AWD Platinum,4476,190,0070,EA30,FEAT,FP5000,PCAT,UF60,XY9000
5TFCZ5AN5HX081462,2017,7540 - 4x4 SR5 Double Cab V6 (6 Spd Auto),7540,110,01G3,FC22,ALAT,CY2000,EDAT,FEAT,FP4000,MC1020,PF1000,PF2000,SLAT,TOAT,UF60,XX1000
5TFBZ5DN1HX002621,2017,7172 - 4x2 TRD Sport Double Cab V6 LB (6 Spd Auto),7172,100,01D6,FD24,CY2000,EEAT,FEAT,FP5000,HHAT,MR1000,PYAT,TL1000,TOAT,UF60,XF2000
JTMWFREV2HD100056,2017,4440 - FWD XLE,4440,190,01G3,FC10,CB1000,CPAT,CP1000,CY2000,FEAT,FP4000,LD4000,MC2000,MG1000,PF2000,UF60,ZF10
4T1BF1FKXHU405420,2017,2546 - SE,2546,050,0218,FF15,FEAT,FP5000,MC1000,UF60,XY9000
2T3RFREV7HW611648,2017,4442 - AWD XLE,4442,190,03R3,FC40,CY2000,FEAT,FP5000,MC2000,MG1000,PBAT,UF60,XF2000,XY9000,ZC10
4T1BF1FK5HU751732,2017,2532 - LE,2532,050,0040,FC00,AWAT,FEAT,FP5000,MC1000,UF60,XY9000
4T1BF1FK4HU397430,2017,2532 - LE,2532,050,01H1,FC00,FEAT,FP5000,MC1000,UF60,XY9000
2T3YFREV3HW355567,2017,4450 - FWD Limited,4450,190,01D6,EA20,CY2000,ENAT,FEAT,FP5000,MC2000,UF60,XF2000,ZE10
4T1BK1EB1HU253718,2017,3544 - XLE,3544,180,08W6,LD03,FEAT,FP5000,MC1000,PF1000,UF60,XF1000,XLAT,XY9000
5TFDW5F10HX624767,2017,8363 - 4x4 SR5 CrewMax 5.7L V8 FFV,8363,230,01G3,FC20,BS1000,CY2000,DSAT,FP4000,LD4000,PF1000,PF2000,REAT,SPAT,UF60
5YFBURHE7HP634943,2017,1865 - SE 50th Annual Special Edition (CVT),1865,020,01F7,FC20,FEAT,FP5000,UF60,XY9000
5TFRW5F15HX219249,2017,8231 - 4x2 SR5 Double Cab 5.7L V8 FFV,8231,220,0202,FC20,DSAT,EDAT,FP5000,MR1000,REAT,SPAT,UF60,XX2030
5TDKY5G13HS067634,2017,7927 - 2WD Limited 5.7L V8,7927,260,01G3,LE13,BDAT,ENAT,FEAT,FP5000,MC1000,UF60,XF2000,XY9000
5TFSW5F10HX219158,2017,8254 - 4x2 Limited Double Cab 5.7L V8 FFV,8254,220,01D6,LB13,FP5000,LXAT,REAT,UF60,XF2000,XY9000
VNKJTUD31HA078016,2017,1422 - 3-Door L (4 Spd Auto),1422,320,01F7,FQ20,FEAT,FP5000,MC1000,UF60,XY9000
5TFRM5F18HX114131,2017,8240 - 4x2 SR5 Double Cab 4.6L V8,8240,220,0040,FC20,AA2800,BS1000,DSAT,EDAT,FEAT,FP5000,SPAT,UF60
JTDKDTB32G1590387,2016,1205 - Three,1205,410,08V7,FG20,AWGT,FEGT,FP5000,MC1000,TZGT,UF60,XF2000,XY9000
JTDKDTB31G1589375,2016,1203 - Two,1203,410,0082,FG20,FEGT,FGGT,FP5000,MC1000,PCGT,QNGT,UF60,XT9000
2T3NFREV4HW334472,2017,4470 - FWD SE,4470,190,01G3,EB20,ATAT,FEAT,FP4000,LD4000,MG1000,PF2000,UF60,ZC10
4T1BK1EB3HU249413,2017,3545 - XLE Plus,3545,180,01G3,LF20,CY2000,FEAT,FP4000,MC1000,UF60,XF2000
2T1BURHE7HC809692,2017,1863 - SE (6 Spd Manual),1863,020,01F9,FC20,FEAT,FP5000,MC1000,UF60,XY9000
5TDYZ3DC5HS800820,2017,5357 - FWD Limited Premium 7 Psgr V6 (8 Spd Auto),5357,200,01D6,LB15,ATAT,FEAT,FP5000,MC1000,SV1000,UF60,XF2000,XY9000
4T1BD1FK0HU211940,2017,2559 - LE,2559,350,0040,FE10,FEAT,FP5000,MC1000,PF1000,PF2000,UF60,XY9000
4T1BF1FK8HU667999,2017,2532 - LE,2532,050,05B2,FC00,FEAT,FP5000,MC1000,UF60,XY9000
4T1BF1FK4HU316734,2017,2532 - LE,2532,050,01J9,FC00,FEAT,FP5000,MC1000,UF60,XY9000
JTDZN3EUXHJ057303,2017,1243 - Two,1243,400,01G3,FD22,FEAT,FP5000,MC1000,UF60,XY9000
4T1BF1FK1HU621558,2017,2532 - LE,2532,050,0218,FC10,BG4000,FEAT,FP5000,MC1000,UF60
JTDZN3EU8GJ055032,2016,1247 - Four,1247,400,0070,LA22,FEGT,FP5000,MC1000,PCGT,UF60,XF1010,XY8000
5TFDW5F18HX674218,2017,8363 - 4x4 SR5 CrewMax 5.7L V8 FFV,8363,230,0040,FC13,BS1000,BU1000,CP1000,CY2000,DSAT,FP5000,REAT,SPAT,UF60,XF2100,XY9000
5TFRW5F15HX228128,2017,8231 - 4x2 SR5 Double Cab 5.7L V8 FFV,8231,220,0040,FC20,BS1000,DSAT,EDAT,FP5000,MR1000,REAT,SPAT,UF60,XF2100,XY9000
5TFAX5GN0HX35B500,2017,7186 - 4x2 SR Double Cab (6 Spd Auto),7186,100,0040,FB14,FEAT,FP5000,MR1000,UF60
5TFAX5GN7HX096808,2017,7186 - 4x2 SR Double Cab (6 Spd Auto),7186,100,0040,FB14,FEAT,FP5000,MR1000,UF60,XY9000
5TFAZ5CN1HX36B839,2017,7146 - 4x2 SR5 Double Cab V6 (6 Spd Auto),7146,100,0040,FC14,FEAT,FP5000,MR1000,TOAT,UF60,XX1000
5TFSX5EN1HX32A621,2017,7513 - 4x4 SR Access Cab (5 Spd Manual),7513,110,0040,FB14,FEAT,FP5000,MR1000,UF60,XY9000
JTMJFREV2HJ715864,2017,4472 - AWD SE,4472,190,0040,EB30,ATAT,CS2000,CV1000,FEAT,FP5000,UF60,VPGT,XT9000
5TFSX5EN0HX32C196,2017,7514 - 4x4 SR Access Cab (6 Spd Auto),7514,110,0040,FA14,BZAT,FEAT,FP5000,MR1010,UF60
5TFSX5EN2HX33B451,2017,7514 - 4x4 SR Access Cab (6 Spd Auto),7514,110,0040,FA14,BZAT,FEAT,FP5000,MR1010,UF60
5TFSX5EN8HX30C262,2017,7514 - 4x4 SR Access Cab (6 Spd Auto),7514,110,0040,FA14,BZAT,FEAT,FP5000,MR1010,UF60
5TFSX5EN4HX33A558,2017,7514 - 4x4 SR Access Cab (6 Spd Auto),7514,110,0040,FA14,BZAT,FEAT,FP5000,MR1010,UF60
3TMCZ5AN2HM34B391,2017,7540 - 4x4 SR5 Double Cab V6 (6 Spd Auto),7540,110,0040,FC14,ALAT,EDAT,FEAT,FP5000,MR1000,SLAT,TOAT,UF60,XX1000
5TFCZ5AN1HX106132,2017,7544 - 4x4 TRD Off-Road Double Cab V6 (6 Spd Auto),7544,110,0040,FD15,EEAT,FEAT,FP5000,HHAT,MR1000,OCAT,TOAT,UF60,XY9000
5TFDZ5BN9HX32A065,2017,7566 - 4x4 TRD Sport Double Cab V6 LB (6 Spd Auto),7566,110,0040,FD15,EEAT,FEAT,FP5000,HHAT,MR1000,PYAT,TOAT,UF60,XY9000
JTEBU5JR3H5467091,2017,8674 - 4x4 TRD Pro V6,8674,130,0040,LF22,CDAT,CV1000,FEAT,FP5000,LL1000,RS1000,UF60,XF2100,XY9000
JTEZU5JR7H5163793,2017,8642 - 4x2 SR5 V6,8642,130,0040,FB42,EEAT,FEAT,FP5000,MC2000,QBAT,UF60
4T1B11HK3JU35C758,2018,2532 - LE,2532,050,0040,FA10,FEET,FP5000,MC1000,UF60
JTNB11HK7J3022381,2018,2546 - SE,2546,050,0040,EA20,FEET,FP5000,MC1000,UF60
JTMDJREV5HD147538,2017,4454 - AWD Limited,4454,470,0070,EA10,ATAT,CP1000,CV1000,FEAT,FP5000,PCAT,UF60
5TDYZ3DC1HS33A872,2017,5348 - FWD XLE 8 Psgr V6 (8 Spd Auto),5348,200,0070,LC14,EXAT,FEAT,FP5000,MC1000,PCAT,UF60,XY9000
5TDYZ3DC9HS32A557,2017,5349 - FWD XLE Premium 8 Psgr V6 (8 Spd Auto),5349,200,0070,LC42,FEAT,FP5000,MC1000,PCAT,UF60,XLAT,XY9000
5TDDZRFH9HS35E637,2017,6956 - 4 Door AWD Limited V6 SUV (8 Spd Automatic),6956,270,0070,LA20,BSAT,FEAT,FP5000,MC2010,PCAT,UF60,XY9000
5TDZZRFHXHS35C837,2017,6947 - 4 Door FWD LE PLUS V6 SUV (8 Spd Automatic),6947,270,0070,FA20,CY2000,FEAT,FP4000,PCAT,PF4000,UF60
5TDZZRFH1HS226801,2017,6947 - 4 Door FWD LE PLUS V6 SUV (8 Spd Automatic),6947,270,0070,FA00,FEAT,FP5000,MC2000,PCAT,UF60,XY9000
5TDYZRFH2HS35E707,2017,6954 - 4 Door FWD Limited V6 SUV (8 Spd Automatic),6954,270,0070,LA10,FEAT,FP5000,MC2000,PCAT,UF60
5TDKZRFH5HS521059,2017,6951 - 4 Door FWD XLE V6 SUV (8 Spd Automatic),6951,270,0070,LB10,BSAT,FEAT,FP5000,PCAT,UF60,XY9000
JTEZU5JR9H5164265,2017,8648 - 4x2 Limited V6,8648,130,0070,LA24,CDAT,FEAT,FP5000,LTAT,MR1000,PCAT,QCAT,UF60
JTEBU5JRXH5474927,2017,8668 - 4x4 Limited V6,8668,130,0070,LA24,FEAT,FP5000,MR1000,PCAT,QCAT,TSAT,UF60
JTEBU5JR8H5476305,2017,8668 - 4x4 Limited V6,8668,130,0070,LA42,FEAT,FP5000,MR1000,PCAT,QCAT,TSAT,UF60
4T1BK1EB8JU36A307,2018,3546 - XLE Premium,3546,180,0070,LF17,FEAT,FP5000,MC1000,PCAT,PMAT,UF60
4T1BK1EB6JU35A441,2018,3544 - XLE,3544,180,0070,LD17,FEAT,FP5000,MC1000,PCAT,UF60,XLAT
4T1B11HK5JU36G354,2018,2540 - XLE,2540,050,0089,LA40,FEET,FP5000,MC1000,PCET,PRET,UF60
5TFAZ5CN1HX047037,2017,7150 - 4x2 TRD Off-Road Double Cab V6 (6 Spd Auto),7150,100,01D6,FD24,EEAT,FEAT,FP5000,MR1000,OCAT,TOAT,UF60,XY9000
5TFRX5GN6HX35A290,2017,7162 - 4x2 SR Access Cab (6 Spd Auto),7162,100,01D6,FB14,FEAT,FP5000,MR1000,UF60
5TFAZ5CNXHX35B732,2017,7146 - 4x2 SR5 Double Cab V6 (6 Spd Auto),7146,100,01D6,FC22,AAAT,FEAT,FP5000,MR1000,TOAT,UF60
5TFAZ5CN6HX046952,2017,7146 - 4x2 SR5 Double Cab V6 (6 Spd Auto),7146,100,01D6,FC14,FEAT,FP5000,MR1000,TOAT,UF60,XY9000
2T3BFREV2HW34H471,2017,4432 - AWD LE,4432,190,01D6,FB20,CS2000,FEAT,FP5000,MC2000,RRGT,UF60,XT9000
2T3BFREV3HW34J982,2017,4432 - AWD LE,4432,190,01D6,FB20,FEAT,FP5000,MC2000,RRGT,UF60
2T3JFREV7HW34H266,2017,4472 - AWD SE,4472,190,01D6,EB20,CV1000,FEAT,FP5000,UF60,VPGT,XY9000
5TDYZ3DCXHS33A773,2017,5349 - FWD XLE Premium 8 Psgr V6 (8 Spd Auto),5349,200,01D6,LC14,FEAT,FP5000,MC1000,SV1000,UF60,XLAT,XY9000
5TFCZ5AN2HX105720,2017,7542 - 4x4 TRD Sport Double Cab V6 (6 Spd Auto),7542,110,01D6,FD15,BT1010,EEAT,FEAT,FP5000,HHAT,MR1000,PYAT,TOAT,UF60,XY9000
5TFCZ5AN6HX105686,2017,7544 - 4x4 TRD Off-Road Double Cab V6 (6 Spd Auto),7544,110,01D6,FD15,EEAT,FEAT,FP5000,HHAT,MR1000,OCAT,TOAT,UF60,XY9000
5TFDZ5BN5HX33A916,2017,7566 - 4x4 TRD Sport Double Cab V6 LB (6 Spd Auto),7566,110,01D6,FD15,EEAT,FEAT,FP5000,MR1000,PYAT,TOAT,UF60,XY9000
5TFDZ5BN2HX32B722,2017,7568 - 4x4 TRD Off-Road Double Cab V6 LB (6 Spd Auto),7568,110,01D6,FD15,EEAT,FEAT,FP5000,MC1020,OCAT,TOAT,UF60,XY9000
5TDZY5G16JS34B739,2018,7917 - 2WD SR5 5.7L V8 ,7917,260,01D6,LG13,FEAT,FP5000,MC1000,PMAT,UF60
2T1BURHE2HC32A833,2017,1832 - L (4 Spd Auto),1832,020,01F7,FA10,FEAT,FP5000,MC1000,UF60
JTEBU5JR0H5476797,2017,8672 - 4x4 Off-Road Premium V6,8672,130,01F7,LC22,FEAT,FP5000,KDAT,MRAT,QDAT,UF60,XY9000
2T1BURHE3JC36B364,2018,1852 - LE (CVT),1852,020,01F7,FB11,FEAT,FP5000,MC1000,UF60,XY9000
2T1BURHE2HC958737,2017,1852 - LE (CVT),1852,020,01F9,FB11,FEAT,FP5000,MC1000,UF60,XY9000
2T1BURHE5JC36B236,2018,1852 - LE (CVT),1852,020,01F9,FB11,FEAT,FP5000,MC1000,UF60,XY9000
2T1BURHE2JC36B808,2018,1864 - SE (CVT),1864,020,01F9,FC20,FEAT,FP5000,MC1000,UF60,XY9000
2T1BURHE4JC33A284,2018,1832 - L (4 Spd Auto),1832,020,01F9,FA10,FEAT,FP5000,MC1000,UF60,XY9000
5TFDW5F14HX674281,2017,8363 - 4x4 SR5 CrewMax 5.7L V8 FFV,8363,230,01G3,FC13,BS1000,BU1000,CP1000,CY2000,DSAT,FP5000,REAT,SPAT,UF60,XF2100,XY9000
5TFDW5F18HX674946,2017,8363 - 4x4 SR5 CrewMax 5.7L V8 FFV,8363,230,01G3,FC13,BS1000,BU1000,CP1000,CY2000,DSAT,FP5000,REAT,SPAT,UF60,XF2100,XY9000
5TFAX5GN5HX096774,2017,7185 - 4x2 SR5 Double Cab (6 Spd Auto),7185,100,01G3,FC22,FEAT,FP5000,MR1000,SLAT,UF60,XY9000
3TMAZ5CN4HM047166,2017,7148 - 4x2 TRD Sport Double Cab V6 (6 Spd Auto),7148,100,01G3,FD24,EEAT,FEAT,FP5000,MR1000,PYAT,TOAT,UF60,XY9000
3TMAZ5CN5HM047614,2017,7146 - 4x2 SR5 Double Cab V6 (6 Spd Auto),7146,100,01G3,FC14,BT1010,FEAT,FP5000,MR1000,TOAT,UF60,XY9000
5TFAZ5CN9HX047710,2017,7146 - 4x2 SR5 Double Cab V6 (6 Spd Auto),7146,100,01G3,FC14,BT1010,DNAT,FEAT,FP5000,MR1000,TOAT,UF60,XY9000
JTMZFREV7HJ147663,2017,4430 - FWD LE,4430,190,01G3,FB20,CS2000,EDAT,FEAT,FP5000,MC2000,RRGT,UF60,XT9000
JTMBFREV9HJ171142,2017,4432 - AWD LE,4432,190,01G3,FB20,CS2000,FEAT,FP5000,MC2000,RRGT,UF60,XT9000
5TFCZ5AN1HX34A162,2017,7542 - 4x4 TRD Sport Double Cab V6 (6 Spd Auto),7542,110,01G3,FD15,EEAT,FEAT,FP5000,HHAT,MR1000,PYAT,TOAT,UF60,XY9000
5TFCZ5AN8HX106161,2017,7544 - 4x4 TRD Off-Road Double Cab V6 (6 Spd Auto),7544,110,01G3,FD15,FEAT,FPAT,FP5000,MR1000,OCAT,TOAT,UF60,XY9000
JTEBU5JR0H5475648,2017,8666 - 4x4 SR5 Premium V6,8666,130,01G3,LB22,FEAT,FP5000,MRAT,MR1000,QDAT,TIAT,UF60
JTEZU5JR7H5164183,2017,8642 - 4x2 SR5 V6,8642,130,01G3,FB22,EEAT,FEAT,FP5000,MR1000,QBAT,THAT,UF60
JTEZU5JR5H5163629,2017,8646 - 4x2 SR5 Premium V6,8646,130,01G3,LB22,FEAT,FP5000,MC1000,MRAT,PF1000,QDAT,UF60
JTEZU5JR6H5163784,2017,8646 - 4x2 SR5 Premium V6,8646,130,01G3,LB22,FEAT,FP5000,MRAT,MR1000,QDAT,UF60
5TDKZ3DCXHS32B805,2017,5338 - FWD LE 8 Psgr V6 (8 Spd Auto),5338,200,01H1,FC14,FEAT,FP5000,MC1000,UF60,XY9000
5TDZARFH9HS36G512,2017,6942 - FWD LE,6942,270,01H1,FB20,FEAT,FP5000,MC2000,UF60
4T1B11HKXJU35F835,2018,2532 - LE,2532,050,01H1,FA10,FEET,FP5000,MC1000,UF60
4T1B11HK2JU34B766,2018,2532 - LE,2532,050,01H1,FA10,BDET,CPET,FEET,FP5000,MC1000,UF60
4T1B11HK5JU35E365,2018,2532 - LE,2532,050,01H1,FA10,BDET,CPET,FEET,FP5000,MC1000,UF60
4T1B11HK8JU33H012,2018,2546 - SE,2546,050,01H1,EA20,BDET,CPET,FEET,FP5000,MC1000,UF60
4T1B11HK1JU36C589,2018,2532 - LE,2532,050,01J9,FA40,FEET,FP5000,MC1000,UF60
4T1B11HK8JU503511,2018,2532 - LE,2532,050,01J9,FA10,BDET,CPET,FEET,FP5000,MC1000,UF60,XY9000
JTNB11HK4J3021284,2018,2546 - SE,2546,050,01J9,EA10,FEET,FP5000,MC1000,SRET,UF60
4T1B11HK3JU31F080,2018,2540 - XLE,2540,050,01J9,LA40,FEET,FP5000,MC1000,PRET,UF60,XY9000
4T1B21HK5JU33G378,2018,2561 - SE,2561,350,01J9,EA20,BDAT,CPAT,FEAT,FP5000,MC1000,SRAT,UF60,UPAT,XY9000
5TFEW5F13HX228742,2017,8263 - 4x2 SR5 CrewMax 5.7L V8 FFV,8263,220,0202,FC20,BU1000,DSAT,FP5000,MR1000,REAT,SPAT,TL1000,UF60,XX2030,XY9000
5TFAZ5CN2HX36B395,2017,7146 - 4x2 SR5 Double Cab V6 (6 Spd Auto),7146,100,0202,FC14,FEAT,FP5000,MR1000,TOAT,UF60
2T3YFREV6HW395190,2017,4450 - FWD Limited,4450,190,0202,EA20,ATAT,FEAT,FP5000,MC2000,SCGT,UF60,XY9000
2T3JFREV6HW32H994,2017,4472 - AWD SE,4472,190,0202,EB20,CV1000,FEAT,FP5000,SXAT,UF60,VPGT,XY9000
5TFCZ5AN1HX106910,2017,7542 - 4x4 TRD Sport Double Cab V6 (6 Spd Auto),7542,110,0202,FD15,BT1010,EEAT,FEAT,FP5000,MR1000,PYAT,TOAT,UF60,XY9000
5TFCZ5AN9HX34A796,2017,7544 - 4x4 TRD Off-Road Double Cab V6 (6 Spd Auto),7544,110,0202,FD15,CBAT,EEAT,FEAT,FP5000,MR1000,OCAT,TOAT,UF60,XY9000
5YFBURHEXHP32B308,2017,1852 - LE (CVT),1852,020,0209,FB11,FEAT,FP5000,MC1000,UF60,XY9000
5YFBURHE0JP36B922,2018,1852 - LE (CVT),1852,020,0209,FB11,FEAT,FP5000,MC1000,UF60,XY9000
5TDKZRFHXHS32D338,2017,6951 - 4 Door FWD XLE V6 SUV (8 Spd Automatic),6951,270,0218,LB00,FEAT,FP5000,MC2000,UF60,XY9000
JTEBU5JR1H5474833,2017,8666 - 4x4 SR5 Premium V6,8666,130,0218,LB22,FEAT,FP5000,MRAT,MR1000,QDAT,UF60
JTEZU5JR4H5164240,2017,8642 - 4x2 SR5 V6,8642,130,0218,FB22,EEAT,FEAT,FP5000,MR1000,QBAT,THAT,UF60
JTEBU5JR2H5477398,2017,8668 - 4x4 Limited V6,8668,130,0218,LA22,CDAT,FEAT,FP5000,MR1000,QCAT,UF60,XY9000
4T1B11HK3JU32D681,2018,2532 - LE,2532,050,0218,FA10,FEET,FP5000,MC1000,UF60,XY9000
2T3WFREVXHW32G028,2017,4440 - FWD XLE,4440,190,0221,FC40,FEAT,FP5000,MC2000,UF60,VPGT,XY9000
2T3YFREV1HW34G886,2017,4474 - FWD Platinum,4474,190,0221,EA10,CS2000,CV1000,FP5000,UF60,XT9000
2T3YFREV2HW34K194,2017,4474 - FWD Platinum,4474,190,0221,EA10,CV1000,FP5000,UF60,XY9000
2T3DFREV1HW35J029,2017,4476 - AWD Platinum,4476,190,0221,EA10,CS2000,CV1000,FEAT,FP5000,UF60,XT9000
4T1B11HK3JU34C053,2018,2532 - LE,2532,050,0221,FA20,FEET,FP5000,MC1000,UF60
4T1B11HK3JU34D302,2018,2540 - XLE,2540,050,0221,LA20,FEET,FP5000,MC1000,PRET,UF60,XY9000
4T1B61HK0JU31D482,2018,2548 - XSE,2548,050,02PS,LB30,DAET,FEET,FP5000,MC1000,PCET,PRET,TXET,UF60,UPET,XY9000
5TFAZ5CN5HX36A788,2017,7146 - 4x2 SR5 Double Cab V6 (6 Spd Auto),7146,100,03R3,FC14,FEAT,FP5000,MR1000,TOAT,UF60
2T1BURHE6JC33B923,2018,1852 - LE (CVT),1852,020,03R3,FB11,FEAT,FP5000,MC1000,UF60,XY9000
NMTKHMBXXJR025679,2018,2406 - C-HR XLE Premium (CVTi-S),2406,490,03T3,FC20,FEAT,FP5000,MC1000,PCAT,UF60,XLAT
4T1B11HK0JU33B463,2018,2532 - LE,2532,050,03T3,FA40,FEET,FP5000,MC1000,PCET,UF60
4T1B61HK2JU35D952,2018,2548 - XSE,2548,050,03T3,LB20,FEET,FP5000,MC1000,PCET,PRET,UF60
4T1B61HK8JU32F086,2018,2548 - XSE,2548,050,03T3,LB20,DAET,FEET,FP5000,MC1000,PCET,PRET,UF60,UPET,XY9000
4T1B11HK1JU36G173,2018,2546 - SE,2546,050,03T3,EA10,FEET,FP5000,MC1000,PCET,UF60
4T1B11HK8JU33E191,2018,2546 - SE,2546,050,03T3,EA20,BDET,CPET,CY2000,FEET,FP4000,MC1000,PCET,SRET,UF60
4T1B11HK7JU502883,2018,2540 - XLE,2540,050,03T3,LA40,FEET,FP5000,MC1000,PCET,UF60,XY9000
4T1BZ1HK4JU34F519,2018,2550 - XSE V6,2550,050,03T3,LB20,FEET,FP5000,MC1000,PCET,UF60
3MYDLBYV0HY195654,2017,6262 - Yaris iA (6 Spd Auto),6262,450,041G,AZ70,CY2000,FEAT,FP5000,UF60
3MYDLBYV3HY196099,2017,6262 - Yaris iA (6 Spd Auto),6262,450,041G,AZ70,FEAT,FP5000,UF60
3MYDLBYV4HY194829,2017,6262 - Yaris iA (6 Spd Auto),6262,450,041G,AZ70,FEAT,FP5000,UF60
3MYDLBYV5HY196203,2017,6262 - Yaris iA (6 Spd Auto),6262,450,041W,AZ70,CY2000,FEAT,FP5000,MG1000,UF60
3MYDLBYV6HY195710,2017,6262 - Yaris iA (6 Spd Auto),6262,450,042A,AZ70,FEAT,FP5000,UF60
3MYDLBYV6HY196274,2017,6263 - Yaris iA (6 Spd Manual),6263,450,044J,AZ70,CY2000,FEAT,FP5000,UF60
3MYDLBYV5HY192572,2017,6262 - Yaris iA (6 Spd Auto),6262,450,045P,AZ70,FEAT,FP5000,UF60
5TFAZ5CN2HX36B431,2017,7146 - 4x2 SR5 Double Cab V6 (6 Spd Auto),7146,100,04V6,FC14,FEAT,FP5000,MR1000,TOAT,UF60
5TFCZ5AN4HX32C285,2017,7544 - 4x4 TRD Off-Road Double Cab V6 (6 Spd Auto),7544,110,04V6,FD15,CBAT,EEAT,FEAT,FP5000,MR1000,OCAT,TOAT,UF60,XY9000
5TFAZ5CN1HX36A576,2017,7146 - 4x2 SR5 Double Cab V6 (6 Spd Auto),7146,100,04X0,FC14,DNAT,FEAT,FP5000,MR1000,TOAT,UF60
5TFAX5GNXHX35A628,2017,7185 - 4x2 SR5 Double Cab (6 Spd Auto),7185,100,08T0,FC14,FEAT,FP5000,MR1000,SLAT,UF60
5TFAZ5CN2HX35C079,2017,7146 - 4x2 SR5 Double Cab V6 (6 Spd Auto),7146,100,08T0,FC14,FEAT,FP5000,MR1000,TOAT,UF60
5TFSZ5AN0HX32A755,2017,7560 - 4x4 TRD Sport Access Cab V6 (6 Spd Auto),7560,110,08T0,FD15,FEAT,FP5000,MR1000,PYAT,TOAT,UF60,XY9000
4T1B11HK2JU35B908,2018,2546 - SE,2546,050,08T7,EA20,BDET,CPET,FEET,FP5000,MC1000,UF60
5TDYZRFH9HS34E613,2017,6955 - 4 Door FWD Limited Platinum V6 SUV (8 Spd Automatic),6955,270,08V5,LA10,CCAT,CY2000,FEAT,FP5000,MC2000,PF1000,PF4000,PTAT,UF60
4T1B11HK1JU35E427,2018,2532 - LE,2532,050,08W7,FA40,FEET,FP5000,MC1000,UF60
JTMRFREV2HD220274,2017,4442 - AWD XLE,4442,190,08X7,FC10,CS2000,FEAT,FP5000,MC2000,UF60,VPGT,XT9000
JTMRFREV4HJ170950,2017,4442 - AWD XLE,4442,190,08X7,FC10,FEAT,FP5000,MC2000,UF60,VPGT,XY9000
JTMRFREV9HJ169907,2017,4442 - AWD XLE,4442,190,08X7,FC20,CS2000,FEAT,FP5000,MC2000,UF60,VPGT,XT9000
JTNKARJE4HJ551246,2017,6273 - iM (6 Spd Manual),6273,460,08X7,FA21,FEAT,FP5000,MC2000,UF60
3MYDLBYV2HY194828,2017,6262 - Yaris iA (6 Spd Auto),6262,450,0A4D,AZ70,FEAT,FP5000,UF60
3MYDLBYV8HY195840,2017,6262 - Yaris iA (6 Spd Auto),6262,450,0A4D,AZ70,FEAT,FP5000,UF60
